Workbook

Sheet Instructions
A1: PV Case Query & MedDRA Coding Analytics Dashboard
A2: A portfolio project simulating case query management and MedDRA coding analytics for a Pharmacovigilance team
A4: PURPOSE
A5: This workbook simulates how a Pharmacovigilance (PV) Associate or Analyst tracks Individual Case Safety Reports (ICSRs) through intake, MedDRA coding, data-management queries, and expedited regulatory reporting timelines. It is built on synthetic data for portfolio and interview demonstration purposes only.
A7: SHEETS
A8: Raw Data - 400 synthetic ICSR-style case records with MedDRA System Organ Class (SOC) and Preferred Term (PT) coding, seriousness classification, query status, and submission timelines.
A9: Dashboard - KPI summary cards and six analytics views built entirely from live formulas (COUNTIFS, SUMIFS, AVERAGEIF) referencing Raw Data, plus charts. Everything recalculates if Raw Data changes.
A11: KEY PV CONCEPTS DEMONSTRATED
A12: MedDRA coding distribution - which System Organ Classes and Preferred Terms occur most often, which is what a coder/reviewer monitors for consistency and signal patterns.
A13: Query turnaround time - the operational KPI CROs track for data management query cycle time (query raised to query closed).
A14: Query backlog aging - how many queries are still open, bucketed by age, which is a standard PV/CDM team workload metric.
A15: Expedited reporting timeliness - percentage of Serious cases submitted within the assumed regulatory deadline, referencing ICH E2A/E2D-style expedited timelines.
... A23: Open the Dashboard tab and walk through the KPI cards first (case volume, seriousness mix, query turnaround, on-time submission rate), then use the SOC and query-type charts to talk through how coding and query patterns would inform process improvements on a real study.

Sheet Raw Data
A1: Case_ID | B1: Receipt_Date | C1: Product | D1: MedDRA_SOC | E1: MedDRA_PT | F1: Seriousness | G1: Country | H1: Reporter_Type | I1: Query_Raised | J1: Query_Type | K1: Query_Open_Date | L1: Query_Close_Date | M1: Days_to_Close | N1: Submission_Date | O1: Regulatory_Deadline_Days | P1: Days_to_Submission | Q1: Submitted_On_Time | R1: Open_Query_Age_Days
A2: PV-2026-0001 | B2: 45772 | C2: CardioStat | D2: Cardiac disorders | E2: Tachycardia | F2: Serious | G2: Brazil | H2: Consumer | I2: No | M2: =IF(AND(K2<>"",L2<>""),L2-K2,"") | N2: 45780 | O2: =IF(F2="Serious",15,"N/A") -> 15 | P2: =N2-B2 -> 8 | Q2: =IF(F2="Serious",IF(P2<=O2,"Yes","No"),"N/A") -> Yes | R2: =IF(AND(I2="Yes",L2=""),Dashboard!$B$2-K2,"")
A3: PV-2026-0002 | B3: 45690 | C3: CardioStat | D3: Skin and subcutaneous tissue disorders | E3: Rash | F3: Serious | G3: UK | H3: Consumer | I3: No | M3: =IF(AND(K3<>"",L3<>""),L3-K3,"") | N3: 45698 | O3: =IF(F3="Serious",15,"N/A") -> 15 | P3: =N3-B3 -> 8 | Q3: =IF(F3="Serious",IF(P3<=O3,"Yes","No"),"N/A") -> Yes | R3: =IF(AND(I3="Yes",L3=""),Dashboard!$B$2-K3,"")
A4: PV-2026-0003 | B4: 45883 | C4: ImmunoShield | D4: Renal and urinary disorders | E4: Renal impairment | F4: Non-serious | G4: India | H4: Pharmacist | I4: No | M4: =IF(AND(K4<>"",L4<>""),L4-K4,"") | N4: 45909 | O4: =IF(F4="Serious",15,"N/A") -> N/A | P4: =N4-B4 -> 26 | Q4: =IF(F4="Serious",IF(P4<=O4,"Yes","No"),"N/A") -> N/A | R4: =IF(AND(I4="Yes",L4=""),Dashboard!$B$2-K4,"")
A5: PV-2026-0004 | B5: 45942 | C5: DiabeCare | D5: Immune system disorders | E5: Anaphylactic reaction | F5: Serious | G5: USA | H5: Healthcare Professional | I5: Yes | J5: MedDRA Coding Query | K5: 45943 | L5: 45960 | M5: =IF(AND(K5<>"",L5<>""),L5-K5,"") -> 17 | N5: 45964 | O5: =IF(F5="Serious",15,"N/A") -> 15 | P5: =N5-B5 -> 22 | Q5: =IF(F5="Serious",IF(P5<=O5,"Yes","No"),"N/A") -> No | R5: =IF(AND(I5="Yes",L5=""),Dashboard!$B$2-K5,"")
A6: PV-2026-0005 | B6: 45738 | C6: OncoRelief | D6: Cardiac disorders | E6: Palpitations | F6: Non-serious | G6: Germany | H6: Healthcare Professional | I6: Yes | J6: MedDRA Coding Query | K6: 45740 | M6: =IF(AND(K6<>"",L6<>""),L6-K6,"") | N6: 45798 | O6: =IF(F6="Serious",15,"N/A") -> N/A | P6: =N6-B6 -> 60 | Q6: =IF(F6="Serious",IF(P6<=O6,"Yes","No"),"N/A") -> N/A | R6: =IF(AND(I6="Yes",L6=""),Dashboard!$B$2-K6,"") -> 474
A7: PV-2026-0006 | B7: 45761 | C7: ImmunoShield | D7: Cardiac disorders | E7: Palpitations | F7: Non-serious | G7: USA | H7: Healthcare Professional | I7: Yes | J7: MedDRA Coding Query | K7: 45763 | L7: 45771 | M7: =IF(AND(K7<>"",L7<>""),L7-K7,"") -> 8 | N7: 45812 | O7: =IF(F7="Serious",15,"N/A") -> N/A | P7: =N7-B7 -> 51 | Q7: =IF(F7="Serious",IF(P7<=O7,"Yes","No"),"N/A") -> N/A | R7: =IF(AND(I7="Yes",L7=""),Dashboard!$B$2-K7,"")
A8: PV-2026-0007 | B8: 45908 | C8: DiabeCare | D8: Investigations | E8: Liver function test abnormal | F8: Non-serious | G8: Canada | H8: Consumer | I8: Yes | J8: MedDRA Coding Query | K8: 45909 | L8: 45913 | M8: =IF(AND(K8<>"",L8<>""),L8-K8,"") -> 4 | N8: 45933 | O8: =IF(F8="Serious",15,"N/A") -> N/A | P8: =N8-B8 -> 25 | Q8: =IF(F8="Serious",IF(P8<=O8,"Yes","No"),"N/A") -> N/A | R8: =IF(AND(I8="Yes",L8=""),Dashboard!$B$2-K8,"")
A9: PV-2026-0008 | B9: 46068 | C9: NeuroCalm | D9: Skin and subcutaneous tissue disorders | E9: Rash | F9: Non-serious | G9: UK | H9: Consumer | I9: Yes | J9: Causality Assessment | K9: 46075 | M9: =IF(AND(K9<>"",L9<>""),L9-K9,"") | N9: 46114 | O9: =IF(F9="Serious",15,"N/A") -> N/A | P9: =N9-B9 -> 46 | Q9: =IF(F9="Serious",IF(P9<=O9,"Yes","No"),"N/A") -> N/A | R9: =IF(AND(I9="Yes",L9=""),Dashboard!$B$2-K9,"") -> 139
A10: PV-2026-0009 | B10: 46127 | C10: DiabeCare | D10: Cardiac disorders | E10: Tachycardia | F10: Serious | G10: UK | H10: Healthcare Professional | I10: Yes | J10: Follow-up Required | K10: 46134 | L10: 46176 | M10: =IF(AND(K10<>"",L10<>""),L10-K10,"") -> 42 | N10: 46136 | O10: =IF(F10="Serious",15,"N/A") -> 15 | P10: =N10-B10 -> 9 | Q10: =IF(F10="Serious",IF(P10<=O10,"Yes","No"),"N/A") -> Yes | R10: =IF(AND(I10="Yes",L10=""),Dashboard!$B$2-K10,"")
A11: PV-2026-0010 | B11: 45751 | C11: CardioStat | D11: Skin and subcutaneous tissue disorders | E11: Rash | F11: Non-serious | G11: Brazil | H11: Healthcare Professional | I11: Yes | J11: Causality Assessment | K11: 45761 | M11: =IF(AND(K11<>"",L11<>""),L11-K11,"") | N11: 45789 | O11: =IF(F11="Serious",15,"N/A") -> N/A | P11: =N11-B11 -> 38 | Q11: =IF(F11="Serious",IF(P11<=O11,"Yes","No"),"N/A") -> N/A | R11: =IF(AND(I11="Yes",L11=""),Dashboard!$B$2-K11,"") -> 453
A12: PV-2026-0011 | B12: 45915 | C12: OncoRelief | D12: Gastrointestinal disorders | E12: Nausea | F12: Non-serious | G12: UK | H12: Healthcare Professional | I12: No | M12: =IF(AND(K12<>"",L12<>""),L12-K12,"") | N12: 45927 | O12: =IF(F12="Serious",15,"N/A") -> N/A | P12: =N12-B12 -> 12 | Q12: =IF(F12="Serious",IF(P12<=O12,"Yes","No"),"N/A") -> N/A | R12: =IF(AND(I12="Yes",L12=""),Dashboard!$B$2-K12,"")
A13: PV-2026-0012 | B13: 45958 | C13: ImmunoShield | D13: Nervous system disorders | E13: Dizziness | F13: Serious | G13: Brazil | H13: Consumer | I13: No | M13: =IF(AND(K13<>"",L13<>""),L13-K13,"") | N13: 45968 | O13: =IF(F13="Serious",15,"N/A") -> 15 | P13: =N13-B13 -> 10 | Q13: =IF(F13="Serious",IF(P13<=O13,"Yes","No"),"N/A") -> Yes | R13: =IF(AND(I13="Yes",L13=""),Dashboard!$B$2-K13,"")
A14: PV-2026-0013 | B14: 45766 | C14: NeuroCalm | D14: Psychiatric disorders | E14: Insomnia | F14: Serious | G14: Brazil | H14: Consumer | I14: No | M14: =IF(AND(K14<>"",L14<>""),L14-K14,"") | N14: 45768 | O14: =IF(F14="Serious",15,"N/A") -> 15 | P14: =N14-B14 -> 2 | Q14: =IF(F14="Serious",IF(P14<=O14,"Yes","No"),"N/A") -> Yes | R14: =IF(AND(I14="Yes",L14=""),Dashboard!$B$2-K14,"")
A15: PV-2026-0014 | B15: 45989 | C15: ImmunoShield | D15: Gastrointestinal disorders | E15: Nausea | F15: Non-serious | G15: Japan | H15: Pharmacist | I15: Yes | J15: Missing Information | K15: 45993 | M15: =IF(AND(K15<>"",L15<>""),L15-K15,"") | N15: 45999 | O15: =IF(F15="Serious",15,"N/A") -> N/A | P15: =N15-B15 -> 10 | Q15: =IF(F15="Serious",IF(P15<=O15,"Yes","No"),"N/A") -> N/A | R15: =IF(AND(I15="Yes",L15=""),Dashboard!$B$2-K15,"") -> 221
A16: PV-2026-0015 | B16: 45745 | C16: ImmunoShield | D16: Skin and subcutaneous tissue disorders | E16: Urticaria | F16: Non-serious | G16: India | H16: Consumer | I16: Yes | J16: MedDRA Coding Query | K16: 45754 | M16: =IF(AND(K16<>"",L16<>""),L16-K16,"") | N16: 45777 | O16: =IF(F16="Serious",15,"N/A") -> N/A | P16: =N16-B16 -> 32 | Q16: =IF(F16="Serious",IF(P16<=O16,"Yes","No"),"N/A") -> N/A | R16: =IF(AND(I16="Yes",L16=""),Dashboard!$B$2-K16,"") -> 460
A17: PV-2026-0016 | B17: 45874 | C17: OncoRelief | D17: Immune system disorders | E17: Anaphylactic reaction | F17: Non-serious | G17: Germany | H17: Healthcare Professional | I17: No | M17: =IF(AND(K17<>"",L17<>""),L17-K17,"") | N17: 45907 | O17: =IF(F17="Serious",15,"N/A") -> N/A | P17: =N17-B17 -> 33 | Q17: =IF(F17="Serious",IF(P17<=O17,"Yes","No"),"N/A") -> N/A | R17: =IF(AND(I17="Yes",L17=""),Dashboard!$B$2-K17,"")
A18: PV-2026-0017 | B18: 45781 | C18: DiabeCare | D18: Immune system disorders | E18: Hypersensitivity | F18: Non-serious | G18: UK | H18: Healthcare Professional | I18: Yes | J18: Missing Information | K18: 45782 | L18: 45814 | M18: =IF(AND(K18<>"",L18<>""),L18-K18,"") -> 32 | N18: 45841 | O18: =IF(F18="Serious",15,"N/A") -> N/A | P18: =N18-B18 -> 60 | Q18: =IF(F18="Serious",IF(P18<=O18,"Yes","No"),"N/A") -> N/A | R18: =IF(AND(I18="Yes",L18=""),Dashboard!$B$2-K18,"")
A19: PV-2026-0018 | B19: 45996 | C19: CardioStat | D19: Psychiatric disorders | E19: Insomnia | F19: Non-serious | G19: USA | H19: Consumer | I19: No | M19: =IF(AND(K19<>"",L19<>""),L19-K19,"") | N19: 46037 | O19: =IF(F19="Serious",15,"N/A") -> N/A | P19: =N19-B19 -> 41 | Q19: =IF(F19="Serious",IF(P19<=O19,"Yes","No"),"N/A") -> N/A | R19: =IF(AND(I19="Yes",L19=""),Dashboard!$B$2-K19,"")
A20: PV-2026-0019 | B20: 46142 | C20: DiabeCare | D20: Investigations | E20: Liver function test abnormal | F20: Serious | G20: India | H20: Healthcare Professional | I20: Yes | J20: Causality Assessment | K20: 46143 | L20: 46182 | M20: =IF(AND(K20<>"",L20<>""),L20-K20,"") -> 39 | N20: 46150 | O20: =IF(F20="Serious",15,"N/A") -> 15 | P20: =N20-B20 -> 8 | Q20: =IF(F20="Serious",IF(P20<=O20,"Yes","No"),"N/A") -> Yes | R20: =IF(AND(I20="Yes",L20=""),Dashboard!$B$2-K20,"")
A21: PV-2026-0020 | B21: 46005 | C21: CardioStat | D21: Immune system disorders | E21: Hypersensitivity | F21: Serious | G21: USA | H21: Healthcare Professional | I21: Yes | J21: Data Inconsistency | K21: 46007 | L21: 46036 | M21: =IF(AND(K21<>"",L21<>""),L21-K21,"") -> 29 | N21: 46007 | O21: =IF(F21="Serious",15,"N/A") -> 15 | P21: =N21-B21 -> 2 | Q21: =IF(F21="Serious",IF(P21<=O21,"Yes","No"),"N/A") -> Yes | R21: =IF(AND(I21="Yes",L21=""),Dashboard!$B$2-K21,"")
A22: PV-2026-0021 | B22: 45673 | C22: CardioStat | D22: Immune system disorders | E22: Hypersensitivity | F22: Non-serious | G22: USA | H22: Pharmacist | I22: No | M22: =IF(AND(K22<>"",L22<>""),L22-K22,"") | N22: 45688 | O22: =IF(F22="Serious",15,"N/A") -> N/A | P22: =N22-B22 -> 15 | Q22: =IF(F22="Serious",IF(P22<=O22,"Yes","No"),"N/A") -> N/A | R22: =IF(AND(I22="Yes",L22=""),Dashboard!$B$2-K22,"")
A23: PV-2026-0022 | B23: 46046 | C23: CardioStat | D23: General disorders and administration site conditions | E23: Fatigue | F23: Non-serious | G23: Brazil | H23: Healthcare Professional | I23: No | M23: =IF(AND(K23<>"",L23<>""),L23-K23,"") | N23: 46097 | O23: =IF(F23="Serious",15,"N/A") -> N/A | P23: =N23-B23 -> 51 | Q23: =IF(F23="Serious",IF(P23<=O23,"Yes","No"),"N/A") -> N/A | R23: =IF(AND(I23="Yes",L23=""),Dashboard!$B$2-K23,"")
A24: PV-2026-0023 | B24: 46156 | C24: DiabeCare | D24: Immune system disorders | E24: Anaphylactic reaction | F24: Serious | G24: India | H24: Consumer | I24: Yes | J24: MedDRA Coding Query | K24: 46157 | L24: 46172 | M24: =IF(AND(K24<>"",L24<>""),L24-K24,"") -> 15 | N24: 46180 | O24: =IF(F24="Serious",15,"N/A") -> 15 | P24: =N24-B24 -> 24 | Q24: =IF(F24="Serious",IF(P24<=O24,"Yes","No"),"N/A") -> No | R24: =IF(AND(I24="Yes",L24=""),Dashboard!$B$2-K24,"")
A25: PV-2026-0024 | B25: 45819 | C25: CardioStat | D25: Psychiatric disorders | E25: Insomnia | F25: Non-serious | G25: India | H25: Healthcare Professional | I25: No | M25: =IF(AND(K25<>"",L25<>""),L25-K25,"") | N25: 45849 | O25: =IF(F25="Serious",15,"N/A") -> N/A | P25: =N25-B25 -> 30 | Q25: =IF(F25="Serious",IF(P25<=O25,"Yes","No"),"N/A") -> N/A | R25: =IF(AND(I25="Yes",L25=""),Dashboard!$B$2-K25,"")
A26: PV-2026-0025 | B26: 45780 | C26: OncoRelief | D26: Immune system disorders | E26: Hypersensitivity | F26: Non-serious | G26: USA | H26: Consumer | I26: Yes | J26: MedDRA Coding Query | K26: 45784 | L26: 45795 | M26: =IF(AND(K26<>"",L26<>""),L26-K26,"") -> 11 | N26: 45801 | O26: =IF(F26="Serious",15,"N/A") -> N/A | P26: =N26-B26 -> 21 | Q26: =IF(F26="Serious",IF(P26<=O26,"Yes","No"),"N/A") -> N/A | R26: =IF(AND(I26="Yes",L26=""),Dashboard!$B$2-K26,"")
A27: PV-2026-0026 | B27: 46063 | C27: DiabeCare | D27: Cardiac disorders | E27: Palpitations | F27: Non-serious | G27: Brazil | H27: Healthcare Professional | I27: Yes | J27: Follow-up Required | K27: 46065 | L27: 46074 | M27: =IF(AND(K27<>"",L27<>""),L27-K27,"") -> 9 | N27: 46084 | O27: =IF(F27="Serious",15,"N/A") -> N/A | P27: =N27-B27 -> 21 | Q27: =IF(F27="Serious",IF(P27<=O27,"Yes","No"),"N/A") -> N/A | R27: =IF(AND(I27="Yes",L27=""),Dashboard!$B$2-K27,"")
A28: PV-2026-0027 | B28: 45793 | C28: NeuroCalm | D28: Skin and subcutaneous tissue disorders | E28: Rash | F28: Non-serious | G28: India | H28: Pharmacist | I28: No | M28: =IF(AND(K28<>"",L28<>""),L28-K28,"") | N28: 45837 | O28: =IF(F28="Serious",15,"N/A") -> N/A | P28: =N28-B28 -> 44 | Q28: =IF(F28="Serious",IF(P28<=O28,"Yes","No"),"N/A") -> N/A | R28: =IF(AND(I28="Yes",L28=""),Dashboard!$B$2-K28,"")
A29: PV-2026-0028 | B29: 46199 | C29: CardioStat | D29: Psychiatric disorders | E29: Anxiety | F29: Non-serious | G29: India | H29: Pharmacist | I29: Yes | J29: Missing Information | K29: 46208 | M29: =IF(AND(K29<>"",L29<>""),L29-K29,"") | N29: 46217 | O29: =IF(F29="Serious",15,"N/A") -> N/A | P29: =N29-B29 -> 18 | Q29: =IF(F29="Serious",IF(P29<=O29,"Yes","No"),"N/A") -> N/A | R29: =IF(AND(I29="Yes",L29=""),Dashboard!$B$2-K29,"") -> 6
A30: PV-2026-0029 | B30: 46009 | C30: DiabeCare | D30: Cardiac disorders | E30: Palpitations | F30: Non-serious | G30: Canada | H30: Healthcare Professional | I30: No | M30: =IF(AND(K30<>"",L30<>""),L30-K30,"") | N30: 46067 | O30: =IF(F30="Serious",15,"N/A") -> N/A | P30: =N30-B30 -> 58 | Q30: =IF(F30="Serious",IF(P30<=O30,"Yes","No"),"N/A") -> N/A | R30: =IF(AND(I30="Yes",L30=""),Dashboard!$B$2-K30,"")
A31: PV-2026-0030 | B31: 45941 | C31: CardioStat | D31: Gastrointestinal disorders | E31: Diarrhoea | F31: Non-serious | G31: Germany | H31: Healthcare Professional | I31: No | M31: =IF(AND(K31<>"",L31<>""),L31-K31,"") | N31: 45981 | O31: =IF(F31="Serious",15,"N/A") -> N/A | P31: =N31-B31 -> 40 | Q31: =IF(F31="Serious",IF(P31<=O31,"Yes","No"),"N/A") -> N/A | R31: =IF(AND(I31="Yes",L31=""),Dashboard!$B$2-K31,"")
A32: PV-2026-0031 | B32: 46095 | C32: OncoRelief | D32: Gastrointestinal disorders | E32: Nausea | F32: Serious | G32: Canada | H32: Pharmacist | I32: Yes | J32: MedDRA Coding Query | K32: 46105 | L32: 46119 | M32: =IF(AND(K32<>"",L32<>""),L32-K32,"") -> 14 | N32: 46102 | O32: =IF(F32="Serious",15,"N/A") -> 15 | P32: =N32-B32 -> 7 | Q32: =IF(F32="Serious",IF(P32<=O32,"Yes","No"),"N/A") -> Yes | R32: =IF(AND(I32="Yes",L32=""),Dashboard!$B$2-K32,"")
A33: PV-2026-0032 | B33: 45698 | C33: NeuroCalm | D33: Immune system disorders | E33: Hypersensitivity | F33: Non-serious | G33: USA | H33: Consumer | I33: No | M33: =IF(AND(K33<>"",L33<>""),L33-K33,"") | N33: 45742 | O33: =IF(F33="Serious",15,"N/A") -> N/A | P33: =N33-B33 -> 44 | Q33: =IF(F33="Serious",IF(P33<=O33,"Yes","No"),"N/A") -> N/A | R33: =IF(AND(I33="Yes",L33=""),Dashboard!$B$2-K33,"")
A34: PV-2026-0033 | B34: 45816 | C34: DiabeCare | D34: Nervous system disorders | E34: Headache | F34: Non-serious | G34: India | H34: Consumer | I34: Yes | J34: Causality Assessment | K34: 45820 | L34: 45846 | M34: =IF(AND(K34<>"",L34<>""),L34-K34,"") -> 26 | N34: 45827 | O34: =IF(F34="Serious",15,"N/A") -> N/A | P34: =N34-B34 -> 11 | Q34: =IF(F34="Serious",IF(P34<=O34,"Yes","No"),"N/A") -> N/A | R34: =IF(AND(I34="Yes",L34=""),Dashboard!$B$2-K34,"")
A35: PV-2026-0034 | B35: 46049 | C35: CardioStat | D35: Investigations | E35: Blood glucose increased | F35: Serious | G35: Canada | H35: Healthcare Professional | I35: No | M35: =IF(AND(K35<>"",L35<>""),L35-K35,"") | N35: 46068 | O35: =IF(F35="Serious",15,"N/A") -> 15 | P35: =N35-B35 -> 19 | Q35: =IF(F35="Serious",IF(P35<=O35,"Yes","No"),"N/A") -> No | R35: =IF(AND(I35="Yes",L35=""),Dashboard!$B$2-K35,"")
A36: PV-2026-0035 | B36: 45682 | C36: DiabeCare | D36: General disorders and administration site conditions | E36: Fatigue | F36: Non-serious | G36: India | H36: Consumer | I36: Yes | J36: Follow-up Required | K36: 45689 | L36: 45718 | M36: =IF(AND(K36<>"",L36<>""),L36-K36,"") -> 29 | N36: 45708 | O36: =IF(F36="Serious",15,"N/A") -> N/A | P36: =N36-B36 -> 26 | Q36: =IF(F36="Serious",IF(P36<=O36,"Yes","No"),"N/A") -> N/A | R36: =IF(AND(I36="Yes",L36=""),Dashboard!$B$2-K36,"")
A37: PV-2026-0036 | B37: 45686 | C37: CardioStat | D37: Cardiac disorders | E37: Tachycardia | F37: Non-serious | G37: Australia | H37: Healthcare Professional | I37: Yes | J37: MedDRA Coding Query | K37: 45692 | L37: 45731 | M37: =IF(AND(K37<>"",L37<>""),L37-K37,"") -> 39 | N37: 45698 | O37: =IF(F37="Serious",15,"N/A") -> N/A | P37: =N37-B37 -> 12 | Q37: =IF(F37="Serious",IF(P37<=O37,"Yes","No"),"N/A") -> N/A | R37: =IF(AND(I37="Yes",L37=""),Dashboard!$B$2-K37,"")
A38: PV-2026-0037 | B38: 46052 | C38: OncoRelief | D38: Immune system disorders | E38: Anaphylactic reaction | F38: Serious | G38: USA | H38: Consumer | I38: No | M38: =IF(AND(K38<>"",L38<>""),L38-K38,"") | N38: 46065 | O38: =IF(F38="Serious",15,"N/A") -> 15 | P38: =N38-B38 -> 13 | Q38: =IF(F38="Serious",IF(P38<=O38,"Yes","No"),"N/A") -> Yes | R38: =IF(AND(I38="Yes",L38=""),Dashboard!$B$2-K38,"")
A39: PV-2026-0038 | B39: 45859 | C39: NeuroCalm | D39: General disorders and administration site conditions | E39: Pyrexia | F39: Non-serious | G39: Canada | H39: Consumer | I39: No | M39: =IF(AND(K39<>"",L39<>""),L39-K39,"") | N39: 45871 | O39: =IF(F39="Serious",15,"N/A") -> N/A | P39: =N39-B39 -> 12 | Q39: =IF(F39="Serious",IF(P39<=O39,"Yes","No"),"N/A") -> N/A | R39: =IF(AND(I39="Yes",L39=""),Dashboard!$B$2-K39,"")
A40: PV-2026-0039 | B40: 45965 | C40: OncoRelief | D40: Cardiac disorders | E40: Palpitations | F40: Non-serious | G40: Germany | H40: Consumer | I40: Yes | J40: Source Document Discrepancy | K40: 45972 | L40: 46004 | M40: =IF(AND(K40<>"",L40<>""),L40-K40,"") -> 32 | N40: 46009 | O40: =IF(F40="Serious",15,"N/A") -> N/A | P40: =N40-B40 -> 44 | Q40: =IF(F40="Serious",IF(P40<=O40,"Yes","No"),"N/A") -> N/A | R40: =IF(AND(I40="Yes",L40=""),Dashboard!$B$2-K40,"")
A41: PV-2026-0040 | B41: 45966 | C41: ImmunoShield | D41: Psychiatric disorders | E41: Insomnia | F41: Non-serious | G41: India | H41: Consumer | I41: No | M41: =IF(AND(K41<>"",L41<>""),L41-K41,"") | N41: 45991 | O41: =IF(F41="Serious",15,"N/A") -> N/A | P41: =N41-B41 -> 25 | Q41: =IF(F41="Serious",IF(P41<=O41,"Yes","No"),"N/A") -> N/A | R41: =IF(AND(I41="Yes",L41=""),Dashboard!$B$2-K41,"")
A42: PV-2026-0041 | B42: 46134 | C42: ImmunoShield | D42: Investigations | E42: Blood glucose increased | F42: Non-serious | G42: Brazil | H42: Other | I42: No | M42: =IF(AND(K42<>"",L42<>""),L42-K42,"") | N42: 46181 | O42: =IF(F42="Serious",15,"N/A") -> N/A | P42: =N42-B42 -> 47 | Q42: =IF(F42="Serious",IF(P42<=O42,"Yes","No"),"N/A") -> N/A | R42: =IF(AND(I42="Yes",L42=""),Dashboard!$B$2-K42,"")
A43: PV-2026-0042 | B43: 45744 | C43: NeuroCalm | D43: Psychiatric disorders | E43: Anxiety | F43: Serious | G43: Australia | H43: Healthcare Professional | I43: Yes | J43: Data Inconsistency | K43: 45747 | L43: 45756 | M43: =IF(AND(K43<>"",L43<>""),L43-K43,"") -> 9 | N43: 45758 | O43: =IF(F43="Serious",15,"N/A") -> 15 | P43: =N43-B43 -> 14 | Q43: =IF(F43="Serious",IF(P43<=O43,"Yes","No"),"N/A") -> Yes | R43: =IF(AND(I43="Yes",L43=""),Dashboard!$B$2-K43,"")
A44: PV-2026-0043 | B44: 45732 | C44: ImmunoShield | D44: General disorders and administration site conditions | E44: Injection site reaction | F44: Non-serious | G44: Germany | H44: Healthcare Professional | I44: Yes | J44: Data Inconsistency | K44: 45733 | M44: =IF(AND(K44<>"",L44<>""),L44-K44,"") | N44: 45792 | O44: =IF(F44="Serious",15,"N/A") -> N/A | P44: =N44-B44 -> 60 | Q44: =IF(F44="Serious",IF(P44<=O44,"Yes","No"),"N/A") -> N/A | R44: =IF(AND(I44="Yes",L44=""),Dashboard!$B$2-K44,"") -> 481
A45: PV-2026-0044 | B45: 45767 | C45: ImmunoShield | D45: Immune system disorders | E45: Hypersensitivity | F45: Non-serious | G45: Germany | H45: Consumer | I45: Yes | J45: Missing Information | K45: 45775 | L45: 45790 | M45: =IF(AND(K45<>"",L45<>""),L45-K45,"") -> 15 | N45: 45805 | O45: =IF(F45="Serious",15,"N/A") -> N/A | P45: =N45-B45 -> 38 | Q45: =IF(F45="Serious",IF(P45<=O45,"Yes","No"),"N/A") -> N/A | R45: =IF(AND(I45="Yes",L45=""),Dashboard!$B$2-K45,"")
A46: PV-2026-0045 | B46: 45982 | C46: ImmunoShield | D46: Renal and urinary disorders | E46: Renal impairment | F46: Non-serious | G46: UK | H46: Pharmacist | I46: No | M46: =IF(AND(K46<>"",L46<>""),L46-K46,"") | N46: 46017 | O46: =IF(F46="Serious",15,"N/A") -> N/A | P46: =N46-B46 -> 35 | Q46: =IF(F46="Serious",IF(P46<=O46,"Yes","No"),"N/A") -> N/A | R46: =IF(AND(I46="Yes",L46=""),Dashboard!$B$2-K46,"")
A47: PV-2026-0046 | B47: 46118 | C47: NeuroCalm | D47: Immune system disorders | E47: Anaphylactic reaction | F47: Non-serious | G47: UK | H47: Consumer | I47: Yes | J47: Missing Information | K47: 46123 | L47: 46135 | M47: =IF(AND(K47<>"",L47<>""),L47-K47,"") -> 12 | N47: 46157 | O47: =IF(F47="Serious",15,"N/A") -> N/A | P47: =N47-B47 -> 39 | Q47: =IF(F47="Serious",IF(P47<=O47,"Yes","No"),"N/A") -> N/A | R47: =IF(AND(I47="Yes",L47=""),Dashboard!$B$2-K47,"")
A48: PV-2026-0047 | B48: 45740 | C48: DiabeCare | D48: Nervous system disorders | E48: Headache | F48: Non-serious | G48: India | H48: Healthcare Professional | I48: Yes | J48: MedDRA Coding Query | K48: 45749 | L48: 45754 | M48: =IF(AND(K48<>"",L48<>""),L48-K48,"") -> 5 | N48: 45798 | O48: =IF(F48="Serious",15,"N/A") -> N/A | P48: =N48-B48 -> 58 | Q48: =IF(F48="Serious",IF(P48<=O48,"Yes","No"),"N/A") -> N/A | R48: =IF(AND(I48="Yes",L48=""),Dashboard!$B$2-K48,"")
A49: PV-2026-0048 | B49: 46088 | C49: ImmunoShield | D49: Renal and urinary disorders | E49: Acute kidney injury | F49: Non-serious | G49: Brazil | H49: Healthcare Professional | I49: Yes | J49: MedDRA Coding Query | K49: 46093 | M49: =IF(AND(K49<>"",L49<>""),L49-K49,"") | N49: 46147 | O49: =IF(F49="Serious",15,"N/A") -> N/A | P49: =N49-B49 -> 59 | Q49: =IF(F49="Serious",IF(P49<=O49,"Yes","No"),"N/A") -> N/A | R49: =IF(AND(I49="Yes",L49=""),Dashboard!$B$2-K49,"") -> 121
A50: PV-2026-0049 | B50: 46087 | C50: OncoRelief | D50: Psychiatric disorders | E50: Insomnia | F50: Non-serious | G50: India | H50: Consumer | I50: Yes | J50: Source Document Discrepancy | K50: 46094 | L50: 46122 | M50: =IF(AND(K50<>"",L50<>""),L50-K50,"") -> 28 | N50: 46100 | O50: =IF(F50="Serious",15,"N/A") -> N/A | P50: =N50-B50 -> 13 | Q50: =IF(F50="Serious",IF(P50<=O50,"Yes","No"),"N/A") -> N/A | R50: =IF(AND(I50="Yes",L50=""),Dashboard!$B$2-K50,"")
A51: PV-2026-0050 | B51: 45685 | C51: ImmunoShield | D51: Renal and urinary disorders | E51: Acute kidney injury | F51: Serious | G51: USA | H51: Pharmacist | I51: Yes | J51: MedDRA Coding Query | K51: 45692 | L51: 45707 | M51: =IF(AND(K51<>"",L51<>""),L51-K51,"") -> 15 | N51: 45693 | O51: =IF(F51="Serious",15,"N/A") -> 15 | P51: =N51-B51 -> 8 | Q51: =IF(F51="Serious",IF(P51<=O51,"Yes","No"),"N/A") -> Yes | R51: =IF(AND(I51="Yes",L51=""),Dashboard!$B$2-K51,"")
A52: PV-2026-0051 | B52: 45942 | C52: ImmunoShield | D52: Cardiac disorders | E52: Tachycardia | F52: Non-serious | G52: Brazil | H52: Healthcare Professional | I52: No | M52: =IF(AND(K52<>"",L52<>""),L52-K52,"") | N52: 45961 | O52: =IF(F52="Serious",15,"N/A") -> N/A | P52: =N52-B52 -> 19 | Q52: =IF(F52="Serious",IF(P52<=O52,"Yes","No"),"N/A") -> N/A | R52: =IF(AND(I52="Yes",L52=""),Dashboard!$B$2-K52,"")
A53: PV-2026-0052 | B53: 45728 | C53: CardioStat | D53: Gastrointestinal disorders | E53: Vomiting | F53: Serious | G53: India | H53: Healthcare Professional | I53: Yes | J53: Source Document Discrepancy | K53: 45730 | L53: 45739 | M53: =IF(AND(K53<>"",L53<>""),L53-K53,"") -> 9 | N53: 45742 | O53: =IF(F53="Serious",15,"N/A") -> 15 | P53: =N53-B53 -> 14 | Q53: =IF(F53="Serious",IF(P53<=O53,"Yes","No"),"N/A") -> Yes | R53: =IF(AND(I53="Yes",L53=""),Dashboard!$B$2-K53,"")
A54: PV-2026-0053 | B54: 46035 | C54: DiabeCare | D54: Renal and urinary disorders | E54: Acute kidney injury | F54: Non-serious | G54: India | H54: Healthcare Professional | I54: Yes | J54: MedDRA Coding Query | K54: 46045 | L54: 46081 | M54: =IF(AND(K54<>"",L54<>""),L54-K54,"") -> 36 | N54: 46065 | O54: =IF(F54="Serious",15,"N/A") -> N/A | P54: =N54-B54 -> 30 | Q54: =IF(F54="Serious",IF(P54<=O54,"Yes","No"),"N/A") -> N/A | R54: =IF(AND(I54="Yes",L54=""),Dashboard!$B$2-K54,"")
A55: PV-2026-0054 | B55: 45861 | C55: CardioStat | D55: Renal and urinary disorders | E55: Acute kidney injury | F55: Serious | G55: Brazil | H55: Pharmacist | I55: No | M55: =IF(AND(K55<>"",L55<>""),L55-K55,"") | N55: 45872 | O55: =IF(F55="Serious",15,"N/A") -> 15 | P55: =N55-B55 -> 11 | Q55: =IF(F55="Serious",IF(P55<=O55,"Yes","No"),"N/A") -> Yes | R55: =IF(AND(I55="Yes",L55=""),Dashboard!$B$2-K55,"")
A56: PV-2026-0055 | B56: 45700 | C56: NeuroCalm | D56: Psychiatric disorders | E56: Anxiety | F56: Non-serious | G56: India | H56: Consumer | I56: Yes | J56: Causality Assessment | K56: 45708 | L56: 45745 | M56: =IF(AND(K56<>"",L56<>""),L56-K56,"") -> 37 | N56: 45745 | O56: =IF(F56="Serious",15,"N/A") -> N/A | P56: =N56-B56 -> 45 | Q56: =IF(F56="Serious",IF(P56<=O56,"Yes","No"),"N/A") -> N/A | R56: =IF(AND(I56="Yes",L56=""),Dashboard!$B$2-K56,"")
A57: PV-2026-0056 | B57: 46128 | C57: DiabeCare | D57: General disorders and administration site conditions | E57: Pyrexia | F57: Non-serious | G57: Australia | H57: Healthcare Professional | I57: No | M57: =IF(AND(K57<>"",L57<>""),L57-K57,"") | N57: 46167 | O57: =IF(F57="Serious",15,"N/A") -> N/A | P57: =N57-B57 -> 39 | Q57: =IF(F57="Serious",IF(P57<=O57,"Yes","No"),"N/A") -> N/A | R57: =IF(AND(I57="Yes",L57=""),Dashboard!$B$2-K57,"")
A58: PV-2026-0057 | B58: 46153 | C58: ImmunoShield | D58: General disorders and administration site conditions | E58: Injection site reaction | F58: Non-serious | G58: USA | H58: Healthcare Professional | I58: No | M58: =IF(AND(K58<>"",L58<>""),L58-K58,"") | N58: 46175 | O58: =IF(F58="Serious",15,"N/A") -> N/A | P58: =N58-B58 -> 22 | Q58: =IF(F58="Serious",IF(P58<=O58,"Yes","No"),"N/A") -> N/A | R58: =IF(AND(I58="Yes",L58=""),Dashboard!$B$2-K58,"")
A59: PV-2026-0058 | B59: 46119 | C59: DiabeCare | D59: Investigations | E59: Liver function test abnormal | F59: Non-serious | G59: USA | H59: Healthcare Professional | I59: Yes | J59: MedDRA Coding Query | K59: 46124 | L59: 46155 | M59: =IF(AND(K59<>"",L59<>""),L59-K59,"") -> 31 | N59: 46168 | O59: =IF(F59="Serious",15,"N/A") -> N/A | P59: =N59-B59 -> 49 | Q59: =IF(F59="Serious",IF(P59<=O59,"Yes","No"),"N/A") -> N/A | R59: =IF(AND(I59="Yes",L59=""),Dashboard!$B$2-K59,"")
A60: PV-2026-0059 | B60: 45940 | C60: OncoRelief | D60: Gastrointestinal disorders | E60: Vomiting | F60: Serious | G60: Brazil | H60: Consumer | I60: No | M60: =IF(AND(K60<>"",L60<>""),L60-K60,"") | N60: 45952 | O60: =IF(F60="Serious",15,"N/A") -> 15 | P60: =N60-B60 -> 12 | Q60: =IF(F60="Serious",IF(P60<=O60,"Yes","No"),"N/A") -> Yes | R60: =IF(AND(I60="Yes",L60=""),Dashboard!$B$2-K60,"")
A61: PV-2026-0060 | B61: 46160 | C61: ImmunoShield | D61: Gastrointestinal disorders | E61: Nausea | F61: Non-serious | G61: USA | H61: Healthcare Professional | I61: No | M61: =IF(AND(K61<>"",L61<>""),L61-K61,"") | N61: 46188 | O61: =IF(F61="Serious",15,"N/A") -> N/A | P61: =N61-B61 -> 28 | Q61: =IF(F61="Serious",IF(P61<=O61,"Yes","No"),"N/A") -> N/A | R61: =IF(AND(I61="Yes",L61=""),Dashboard!$B$2-K61,"")
A62: PV-2026-0061 | B62: 46142 | C62: OncoRelief | D62: Psychiatric disorders | E62: Anxiety | F62: Non-serious | G62: Brazil | H62: Healthcare Professional | I62: No | M62: =IF(AND(K62<>"",L62<>""),L62-K62,"") | N62: 46164 | O62: =IF(F62="Serious",15,"N/A") -> N/A | P62: =N62-B62 -> 22 | Q62: =IF(F62="Serious",IF(P62<=O62,"Yes","No"),"N/A") -> N/A | R62: =IF(AND(I62="Yes",L62=""),Dashboard!$B$2-K62,"")
A63: PV-2026-0062 | B63: 45971 | C63: NeuroCalm | D63: Immune system disorders | E63: Hypersensitivity | F63: Non-serious | G63: USA | H63: Consumer | I63: No | M63: =IF(AND(K63<>"",L63<>""),L63-K63,"") | N63: 46020 | O63: =IF(F63="Serious",15,"N/A") -> N/A | P63: =N63-B63 -> 49 | Q63: =IF(F63="Serious",IF(P63<=O63,"Yes","No"),"N/A") -> N/A | R63: =IF(AND(I63="Yes",L63=""),Dashboard!$B$2-K63,"")
A64: PV-2026-0063 | B64: 45847 | C64: DiabeCare | D64: Immune system disorders | E64: Anaphylactic reaction | F64: Non-serious | G64: UK | H64: Consumer | I64: Yes | J64: Missing Information | K64: 45851 | L64: 45863 | M64: =IF(AND(K64<>"",L64<>""),L64-K64,"") -> 12 | N64: 45871 | O64: =IF(F64="Serious",15,"N/A") -> N/A | P64: =N64-B64 -> 24 | Q64: =IF(F64="Serious",IF(P64<=O64,"Yes","No"),"N/A") -> N/A | R64: =IF(AND(I64="Yes",L64=""),Dashboard!$B$2-K64,"")
A65: PV-2026-0064 | B65: 45672 | C65: OncoRelief | D65: Nervous system disorders | E65: Dizziness | F65: Serious | G65: India | H65: Healthcare Professional | I65: No | M65: =IF(AND(K65<>"",L65<>""),L65-K65,"") | N65: 45686 | O65: =IF(F65="Serious",15,"N/A") -> 15 | P65: =N65-B65 -> 14 | Q65: =IF(F65="Serious",IF(P65<=O65,"Yes","No"),"N/A") -> Yes | R65: =IF(AND(I65="Yes",L65=""),Dashboard!$B$2-K65,"")
A66: PV-2026-0065 | B66: 46160 | C66: CardioStat | D66: Gastrointestinal disorders | E66: Diarrhoea | F66: Non-serious | G66: USA | H66: Healthcare Professional | I66: Yes | J66: Causality Assessment | K66: 46162 | M66: =IF(AND(K66<>"",L66<>""),L66-K66,"") | N66: 46190 | O66: =IF(F66="Serious",15,"N/A") -> N/A | P66: =N66-B66 -> 30 | Q66: =IF(F66="Serious",IF(P66<=O66,"Yes","No"),"N/A") -> N/A | R66: =IF(AND(I66="Yes",L66=""),Dashboard!$B$2-K66,"") -> 52
A67: PV-2026-0066 | B67: 46161 | C67: CardioStat | D67: Renal and urinary disorders | E67: Acute kidney injury | F67: Serious | G67: Japan | H67: Pharmacist | I67: Yes | J67: Data Inconsistency | K67: 46163 | L67: 46177 | M67: =IF(AND(K67<>"",L67<>""),L67-K67,"") -> 14 | N67: 46172 | O67: =IF(F67="Serious",15,"N/A") -> 15 | P67: =N67-B67 -> 11 | Q67: =IF(F67="Serious",IF(P67<=O67,"Yes","No"),"N/A") -> Yes | R67: =IF(AND(I67="Yes",L67=""),Dashboard!$B$2-K67,"")
A68: PV-2026-0067 | B68: 45889 | C68: OncoRelief | D68: General disorders and administration site conditions | E68: Fatigue | F68: Non-serious | G68: India | H68: Consumer | I68: Yes | J68: Follow-up Required | K68: 45899 | L68: 45935 | M68: =IF(AND(K68<>"",L68<>""),L68-K68,"") -> 36 | N68: 45900 | O68: =IF(F68="Serious",15,"N/A") -> N/A | P68: =N68-B68 -> 11 | Q68: =IF(F68="Serious",IF(P68<=O68,"Yes","No"),"N/A") -> N/A | R68: =IF(AND(I68="Yes",L68=""),Dashboard!$B$2-K68,"")
A69: PV-2026-0068 | B69: 45870 | C69: DiabeCare | D69: Cardiac disorders | E69: Tachycardia | F69: Serious | G69: India | H69: Healthcare Professional | I69: Yes | J69: Causality Assessment | K69: 45880 | L69: 45884 | M69: =IF(AND(K69<>"",L69<>""),L69-K69,"") -> 4 | N69: 45876 | O69: =IF(F69="Serious",15,"N/A") -> 15 | P69: =N69-B69 -> 6 | Q69: =IF(F69="Serious",IF(P69<=O69,"Yes","No"),"N/A") -> Yes | R69: =IF(AND(I69="Yes",L69=""),Dashboard!$B$2-K69,"")
A70: PV-2026-0069 | B70: 46122 | C70: CardioStat | D70: Immune system disorders | E70: Anaphylactic reaction | F70: Non-serious | G70: Germany | H70: Consumer | I70: No | M70: =IF(AND(K70<>"",L70<>""),L70-K70,"") | N70: 46154 | O70: =IF(F70="Serious",15,"N/A") -> N/A | P70: =N70-B70 -> 32 | Q70: =IF(F70="Serious",IF(P70<=O70,"Yes","No"),"N/A") -> N/A | R70: =IF(AND(I70="Yes",L70=""),Dashboard!$B$2-K70,"")
A71: PV-2026-0070 | B71: 45775 | C71: OncoRelief | D71: Immune system disorders | E71: Hypersensitivity | F71: Non-serious | G71: Japan | H71: Healthcare Professional | I71: Yes | J71: MedDRA Coding Query | K71: 45785 | L71: 45803 | M71: =IF(AND(K71<>"",L71<>""),L71-K71,"") -> 18 | N71: 45798 | O71: =IF(F71="Serious",15,"N/A") -> N/A | P71: =N71-B71 -> 23 | Q71: =IF(F71="Serious",IF(P71<=O71,"Yes","No"),"N/A") -> N/A | R71: =IF(AND(I71="Yes",L71=""),Dashboard!$B$2-K71,"")
A72: PV-2026-0071 | B72: 46107 | C72: CardioStat | D72: Investigations | E72: Liver function test abnormal | F72: Non-serious | G72: Canada | H72: Consumer | I72: Yes | J72: Missing Information | K72: 46117 | L72: 46131 | M72: =IF(AND(K72<>"",L72<>""),L72-K72,"") -> 14 | N72: 46132 | O72: =IF(F72="Serious",15,"N/A") -> N/A | P72: =N72-B72 -> 25 | Q72: =IF(F72="Serious",IF(P72<=O72,"Yes","No"),"N/A") -> N/A | R72: =IF(AND(I72="Yes",L72=""),Dashboard!$B$2-K72,"")
A73: PV-2026-0072 | B73: 45914 | C73: CardioStat | D73: Skin and subcutaneous tissue disorders | E73: Rash | F73: Non-serious | G73: Japan | H73: Consumer | I73: No | M73: =IF(AND(K73<>"",L73<>""),L73-K73,"") | N73: 45967 | O73: =IF(F73="Serious",15,"N/A") -> N/A | P73: =N73-B73 -> 53 | Q73: =IF(F73="Serious",IF(P73<=O73,"Yes","No"),"N/A") -> N/A | R73: =IF(AND(I73="Yes",L73=""),Dashboard!$B$2-K73,"")
A74: PV-2026-0073 | B74: 45933 | C74: OncoRelief | D74: Gastrointestinal disorders | E74: Vomiting | F74: Non-serious | G74: Germany | H74: Pharmacist | I74: Yes | J74: Follow-up Required | K74: 45940 | L74: 45956 | M74: =IF(AND(K74<>"",L74<>""),L74-K74,"") -> 16 | N74: 45943 | O74: =IF(F74="Serious",15,"N/A") -> N/A | P74: =N74-B74 -> 10 | Q74: =IF(F74="Serious",IF(P74<=O74,"Yes","No"),"N/A") -> N/A | R74: =IF(AND(I74="Yes",L74=""),Dashboard!$B$2-K74,"")
A75: PV-2026-0074 | B75: 46139 | C75: NeuroCalm | D75: General disorders and administration site conditions | E75: Fatigue | F75: Non-serious | G75: India | H75: Healthcare Professional | I75: Yes | J75: Causality Assessment | K75: 46144 | L75: 46157 | M75: =IF(AND(K75<>"",L75<>""),L75-K75,"") -> 13 | N75: 46192 | O75: =IF(F75="Serious",15,"N/A") -> N/A | P75: =N75-B75 -> 53 | Q75: =IF(F75="Serious",IF(P75<=O75,"Yes","No"),"N/A") -> N/A | R75: =IF(AND(I75="Yes",L75=""),Dashboard!$B$2-K75,"")
A76: PV-2026-0075 | B76: 45695 | C76: ImmunoShield | D76: Skin and subcutaneous tissue disorders | E76: Pruritus | F76: Non-serious | G76: India | H76: Consumer | I76: No | M76: =IF(AND(K76<>"",L76<>""),L76-K76,"") | N76: 45752 | O76: =IF(F76="Serious",15,"N/A") -> N/A | P76: =N76-B76 -> 57 | Q76: =IF(F76="Serious",IF(P76<=O76,"Yes","No"),"N/A") -> N/A | R76: =IF(AND(I76="Yes",L76=""),Dashboard!$B$2-K76,"")
A77: PV-2026-0076 | B77: 45659 | C77: OncoRelief | D77: Investigations | E77: Liver function test abnormal | F77: Serious | G77: UK | H77: Consumer | I77: Yes | J77: Causality Assessment | K77: 45660 | L77: 45677 | M77: =IF(AND(K77<>"",L77<>""),L77-K77,"") -> 17 | N77: 45682 | O77: =IF(F77="Serious",15,"N/A") -> 15 | P77: =N77-B77 -> 23 | Q77: =IF(F77="Serious",IF(P77<=O77,"Yes","No"),"N/A") -> No | R77: =IF(AND(I77="Yes",L77=""),Dashboard!$B$2-K77,"")
A78: PV-2026-0077 | B78: 46154 | C78: CardioStat | D78: Gastrointestinal disorders | E78: Vomiting | F78: Non-serious | G78: USA | H78: Healthcare Professional | I78: Yes | J78: Data Inconsistency | K78: 46156 | L78: 46163 | M78: =IF(AND(K78<>"",L78<>""),L78-K78,"") -> 7 | N78: 46212 | O78: =IF(F78="Serious",15,"N/A") -> N/A | P78: =N78-B78 -> 58 | Q78: =IF(F78="Serious",IF(P78<=O78,"Yes","No"),"N/A") -> N/A | R78: =IF(AND(I78="Yes",L78=""),Dashboard!$B$2-K78,"")
A79: PV-2026-0078 | B79: 45815 | C79: ImmunoShield | D79: Cardiac disorders | E79: Palpitations | F79: Non-serious | G79: USA | H79: Consumer | I79: Yes | J79: Data Inconsistency | K79: 45822 | L79: 45841 | M79: =IF(AND(K79<>"",L79<>""),L79-K79,"") -> 19 | N79: 45867 | O79: =IF(F79="Serious",15,"N/A") -> N/A | P79: =N79-B79 -> 52 | Q79: =IF(F79="Serious",IF(P79<=O79,"Yes","No"),"N/A") -> N/A | R79: =IF(AND(I79="Yes",L79=""),Dashboard!$B$2-K79,"")
A80: PV-2026-0079 | B80: 45797 | C80: CardioStat | D80: Cardiac disorders | E80: Palpitations | F80: Non-serious | G80: Brazil | H80: Healthcare Professional | I80: Yes | J80: Source Document Discrepancy | K80: 45802 | M80: =IF(AND(K80<>"",L80<>""),L80-K80,"") | N80: 45839 | O80: =IF(F80="Serious",15,"N/A") -> N/A | P80: =N80-B80 -> 42 | Q80: =IF(F80="Serious",IF(P80<=O80,"Yes","No"),"N/A") -> N/A | R80: =IF(AND(I80="Yes",L80=""),Dashboard!$B$2-K80,"") -> 412
A81: PV-2026-0080 | B81: 46159 | C81: DiabeCare | D81: Investigations | E81: Liver function test abnormal | F81: Non-serious | G81: UK | H81: Consumer | I81: Yes | J81: MedDRA Coding Query | K81: 46163 | M81: =IF(AND(K81<>"",L81<>""),L81-K81,"") | N81: 46179 | O81: =IF(F81="Serious",15,"N/A") -> N/A | P81: =N81-B81 -> 20 | Q81: =IF(F81="Serious",IF(P81<=O81,"Yes","No"),"N/A") -> N/A | R81: =IF(AND(I81="Yes",L81=""),Dashboard!$B$2-K81,"") -> 51
A82: PV-2026-0081 | B82: 46050 | C82: DiabeCare | D82: General disorders and administration site conditions | E82: Pyrexia | F82: Non-serious | G82: USA | H82: Pharmacist | I82: Yes | J82: Source Document Discrepancy | K82: 46053 | L82: 46057 | M82: =IF(AND(K82<>"",L82<>""),L82-K82,"") -> 4 | N82: 46087 | O82: =IF(F82="Serious",15,"N/A") -> N/A | P82: =N82-B82 -> 37 | Q82: =IF(F82="Serious",IF(P82<=O82,"Yes","No"),"N/A") -> N/A | R82: =IF(AND(I82="Yes",L82=""),Dashboard!$B$2-K82,"")
A83: PV-2026-0082 | B83: 45997 | C83: CardioStat | D83: Investigations | E83: Blood glucose increased | F83: Non-serious | G83: USA | H83: Consumer | I83: Yes | J83: Source Document Discrepancy | K83: 46000 | L83: 46026 | M83: =IF(AND(K83<>"",L83<>""),L83-K83,"") -> 26 | N83: 46018 | O83: =IF(F83="Serious",15,"N/A") -> N/A | P83: =N83-B83 -> 21 | Q83: =IF(F83="Serious",IF(P83<=O83,"Yes","No"),"N/A") -> N/A | R83: =IF(AND(I83="Yes",L83=""),Dashboard!$B$2-K83,"")
A84: PV-2026-0083 | B84: 46004 | C84: OncoRelief | D84: General disorders and administration site conditions | E84: Injection site reaction | F84: Serious | G84: USA | H84: Consumer | I84: Yes | J84: MedDRA Coding Query | K84: 46012 | M84: =IF(AND(K84<>"",L84<>""),L84-K84,"") | N84: 46007 | O84: =IF(F84="Serious",15,"N/A") -> 15 | P84: =N84-B84 -> 3 | Q84: =IF(F84="Serious",IF(P84<=O84,"Yes","No"),"N/A") -> Yes | R84: =IF(AND(I84="Yes",L84=""),Dashboard!$B$2-K84,"") -> 202
A85: PV-2026-0084 | B85: 45898 | C85: NeuroCalm | D85: Immune system disorders | E85: Hypersensitivity | F85: Non-serious | G85: India | H85: Consumer | I85: No | M85: =IF(AND(K85<>"",L85<>""),L85-K85,"") | N85: 45931 | O85: =IF(F85="Serious",15,"N/A") -> N/A | P85: =N85-B85 -> 33 | Q85: =IF(F85="Serious",IF(P85<=O85,"Yes","No"),"N/A") -> N/A | R85: =IF(AND(I85="Yes",L85=""),Dashboard!$B$2-K85,"")
A86: PV-2026-0085 | B86: 45828 | C86: NeuroCalm | D86: Gastrointestinal disorders | E86: Nausea | F86: Non-serious | G86: India | H86: Healthcare Professional | I86: Yes | J86: Data Inconsistency | K86: 45837 | L86: 45859 | M86: =IF(AND(K86<>"",L86<>""),L86-K86,"") -> 22 | N86: 45844 | O86: =IF(F86="Serious",15,"N/A") -> N/A | P86: =N86-B86 -> 16 | Q86: =IF(F86="Serious",IF(P86<=O86,"Yes","No"),"N/A") -> N/A | R86: =IF(AND(I86="Yes",L86=""),Dashboard!$B$2-K86,"")
A87: PV-2026-0086 | B87: 45832 | C87: DiabeCare | D87: Skin and subcutaneous tissue disorders | E87: Urticaria | F87: Non-serious | G87: UK | H87: Healthcare Professional | I87: No | M87: =IF(AND(K87<>"",L87<>""),L87-K87,"") | N87: 45846 | O87: =IF(F87="Serious",15,"N/A") -> N/A | P87: =N87-B87 -> 14 | Q87: =IF(F87="Serious",IF(P87<=O87,"Yes","No"),"N/A") -> N/A | R87: =IF(AND(I87="Yes",L87=""),Dashboard!$B$2-K87,"")
A88: PV-2026-0087 | B88: 45895 | C88: ImmunoShield | D88: Cardiac disorders | E88: Palpitations | F88: Non-serious | G88: India | H88: Pharmacist | I88: No | M88: =IF(AND(K88<>"",L88<>""),L88-K88,"") | N88: 45943 | O88: =IF(F88="Serious",15,"N/A") -> N/A | P88: =N88-B88 -> 48 | Q88: =IF(F88="Serious",IF(P88<=O88,"Yes","No"),"N/A") -> N/A | R88: =IF(AND(I88="Yes",L88=""),Dashboard!$B$2-K88,"")
A89: PV-2026-0088 | B89: 45819 | C89: CardioStat | D89: Investigations | E89: Liver function test abnormal | F89: Non-serious | G89: India | H89: Other | I89: No | M89: =IF(AND(K89<>"",L89<>""),L89-K89,"") | N89: 45853 | O89: =IF(F89="Serious",15,"N/A") -> N/A | P89: =N89-B89 -> 34 | Q89: =IF(F89="Serious",IF(P89<=O89,"Yes","No"),"N/A") -> N/A | R89: =IF(AND(I89="Yes",L89=""),Dashboard!$B$2-K89,"")
A90: PV-2026-0089 | B90: 45967 | C90: DiabeCare | D90: General disorders and administration site conditions | E90: Fatigue | F90: Serious | G90: USA | H90: Healthcare Professional | I90: Yes | J90: Source Document Discrepancy | K90: 45972 | L90: 46000 | M90: =IF(AND(K90<>"",L90<>""),L90-K90,"") -> 28 | N90: 45969 | O90: =IF(F90="Serious",15,"N/A") -> 15 | P90: =N90-B90 -> 2 | Q90: =IF(F90="Serious",IF(P90<=O90,"Yes","No"),"N/A") -> Yes | R90: =IF(AND(I90="Yes",L90=""),Dashboard!$B$2-K90,"")
A91: PV-2026-0090 | B91: 45708 | C91: OncoRelief | D91: Investigations | E91: Liver function test abnormal | F91: Non-serious | G91: India | H91: Pharmacist | I91: Yes | J91: Data Inconsistency | K91: 45718 | L91: 45743 | M91: =IF(AND(K91<>"",L91<>""),L91-K91,"") -> 25 | N91: 45762 | O91: =IF(F91="Serious",15,"N/A") -> N/A | P91: =N91-B91 -> 54 | Q91: =IF(F91="Serious",IF(P91<=O91,"Yes","No"),"N/A") -> N/A | R91: =IF(AND(I91="Yes",L91=""),Dashboard!$B$2-K91,"")
A92: PV-2026-0091 | B92: 45798 | C92: CardioStat | D92: Gastrointestinal disorders | E92: Diarrhoea | F92: Non-serious | G92: India | H92: Healthcare Professional | I92: Yes | J92: MedDRA Coding Query | K92: 45804 | L92: 45812 | M92: =IF(AND(K92<>"",L92<>""),L92-K92,"") -> 8 | N92: 45811 | O92: =IF(F92="Serious",15,"N/A") -> N/A | P92: =N92-B92 -> 13 | Q92: =IF(F92="Serious",IF(P92<=O92,"Yes","No"),"N/A") -> N/A | R92: =IF(AND(I92="Yes",L92=""),Dashboard!$B$2-K92,"")
A93: PV-2026-0092 | B93: 46032 | C93: OncoRelief | D93: Psychiatric disorders | E93: Anxiety | F93: Non-serious | G93: India | H93: Pharmacist | I93: Yes | J93: MedDRA Coding Query | K93: 46038 | M93: =IF(AND(K93<>"",L93<>""),L93-K93,"") | N93: 46066 | O93: =IF(F93="Serious",15,"N/A") -> N/A | P93: =N93-B93 -> 34 | Q93: =IF(F93="Serious",IF(P93<=O93,"Yes","No"),"N/A") -> N/A | R93: =IF(AND(I93="Yes",L93=""),Dashboard!$B$2-K93,"") -> 176
A94: PV-2026-0093 | B94: 45735 | C94: DiabeCare | D94: Immune system disorders | E94: Anaphylactic reaction | F94: Non-serious | G94: Japan | H94: Healthcare Professional | I94: No | M94: =IF(AND(K94<>"",L94<>""),L94-K94,"") | N94: 45740 | O94: =IF(F94="Serious",15,"N/A") -> N/A | P94: =N94-B94 -> 5 | Q94: =IF(F94="Serious",IF(P94<=O94,"Yes","No"),"N/A") -> N/A | R94: =IF(AND(I94="Yes",L94=""),Dashboard!$B$2-K94,"")
A95: PV-2026-0094 | B95: 45928 | C95: OncoRelief | D95: Skin and subcutaneous tissue disorders | E95: Pruritus | F95: Non-serious | G95: Brazil | H95: Healthcare Professional | I95: Yes | J95: Source Document Discrepancy | K95: 45934 | L95: 45943 | M95: =IF(AND(K95<>"",L95<>""),L95-K95,"") -> 9 | N95: 45934 | O95: =IF(F95="Serious",15,"N/A") -> N/A | P95: =N95-B95 -> 6 | Q95: =IF(F95="Serious",IF(P95<=O95,"Yes","No"),"N/A") -> N/A | R95: =IF(AND(I95="Yes",L95=""),Dashboard!$B$2-K95,"")
A96: PV-2026-0095 | B96: 45993 | C96: OncoRelief | D96: Immune system disorders | E96: Hypersensitivity | F96: Non-serious | G96: USA | H96: Consumer | I96: No | M96: =IF(AND(K96<>"",L96<>""),L96-K96,"") | N96: 46005 | O96: =IF(F96="Serious",15,"N/A") -> N/A | P96: =N96-B96 -> 12 | Q96: =IF(F96="Serious",IF(P96<=O96,"Yes","No"),"N/A") -> N/A | R96: =IF(AND(I96="Yes",L96=""),Dashboard!$B$2-K96,"")
A97: PV-2026-0096 | B97: 45801 | C97: CardioStat | D97: Gastrointestinal disorders | E97: Diarrhoea | F97: Non-serious | G97: India | H97: Healthcare Professional | I97: Yes | J97: Causality Assessment | K97: 45809 | L97: 45844 | M97: =IF(AND(K97<>"",L97<>""),L97-K97,"") -> 35 | N97: 45850 | O97: =IF(F97="Serious",15,"N/A") -> N/A | P97: =N97-B97 -> 49 | Q97: =IF(F97="Serious",IF(P97<=O97,"Yes","No"),"N/A") -> N/A | R97: =IF(AND(I97="Yes",L97=""),Dashboard!$B$2-K97,"")
A98: PV-2026-0097 | B98: 46087 | C98: OncoRelief | D98: Nervous system disorders | E98: Dizziness | F98: Non-serious | G98: Japan | H98: Consumer | I98: No | M98: =IF(AND(K98<>"",L98<>""),L98-K98,"") | N98: 46109 | O98: =IF(F98="Serious",15,"N/A") -> N/A | P98: =N98-B98 -> 22 | Q98: =IF(F98="Serious",IF(P98<=O98,"Yes","No"),"N/A") -> N/A | R98: =IF(AND(I98="Yes",L98=""),Dashboard!$B$2-K98,"")
A99: PV-2026-0098 | B99: 45691 | C99: NeuroCalm | D99: Immune system disorders | E99: Anaphylactic reaction | F99: Non-serious | G99: India | H99: Healthcare Professional | I99: No | M99: =IF(AND(K99<>"",L99<>""),L99-K99,"") | N99: 45719 | O99: =IF(F99="Serious",15,"N/A") -> N/A | P99: =N99-B99 -> 28 | Q99: =IF(F99="Serious",IF(P99<=O99,"Yes","No"),"N/A") -> N/A | R99: =IF(AND(I99="Yes",L99=""),Dashboard!$B$2-K99,"")
A100: PV-2026-0099 | B100: 46025 | C100: CardioStat | D100: General disorders and administration site conditions | E100: Fatigue | F100: Serious | G100: India | H100: Pharmacist | I100: Yes | J100: Source Document Discrepancy | K100: 46029 | L100: 46048 | M100: =IF(AND(K100<>"",L100<>""),L100-K100,"") -> 19 | N100: 46039 | O100: =IF(F100="Serious",15,"N/A") -> 15 | P100: =N100-B100 -> 14 | Q100: =IF(F100="Serious",IF(P100<=O100,"Yes","No"),"N/A") -> Yes | R100: =IF(AND(I100="Yes",L100=""),Dashboard!$B$2-K100,"")
...

Sheet Dashboard
A1: PV Case Query & MedDRA Coding Analytics Dashboard
A2: Report As Of: | B2: 46214
A4: Total Cases | C4: % Serious Cases | E4: Queries Raised
A5: =COUNTA('Raw Data'!A2:A401) -> 400 | C5: =COUNTIF('Raw Data'!F2:F401,"Serious")/COUNTA('Raw Data'!A2:A401) -> 0.2975 | E5: =COUNTIF('Raw Data'!I2:I401,"Yes") -> 242
A7: Avg Query Turnaround (days) | C7: % Queries Closed | E7: On-Time Submission Rate (Serious)
A8: =AVERAGEIF('Raw Data'!M2:M401,">=0") -> 17.430851 | C8: =COUNT('Raw Data'!M2:M401)/COUNTIF('Raw Data'!I2:I401,"Yes") -> 0.7768595 | E8: =COUNTIFS('Raw Data'!F2:F401,"Serious",'Raw Data'!Q2:Q401,"Yes")/COUNTIF('Raw Data'!F2:F401,"Serious") -> 0.86554622
A11: Case Volume by Month | D11: MedDRA SOC Distribution
A12: Month | B12: Cases | D12: System Organ Class | E12: Cases
A13: 45658 | B13: =COUNTIFS('Raw Data'!B2:B401,">="&A13,'Raw Data'!B2:B401,"<"&DATE(2025,2,1)) -> 26 | D13: Gastrointestinal disorders | E13: =COUNTIF('Raw Data'!D2:D401,"Gastrointestinal disorders") -> 43
A14: 45689 | B14: =COUNTIFS('Raw Data'!B2:B401,">="&A14,'Raw Data'!B2:B401,"<"&DATE(2025,3,1)) -> 23 | D14: Skin and subcutaneous tissue disorders | E14: =COUNTIF('Raw Data'!D2:D401,"Skin and subcutaneous tissue disorders") -> 41
A15: 45717 | B15: =COUNTIFS('Raw Data'!B2:B401,">="&A15,'Raw Data'!B2:B401,"<"&DATE(2025,4,1)) -> 22 | D15: Nervous system disorders | E15: =COUNTIF('Raw Data'!D2:D401,"Nervous system disorders") -> 34
A16: 45748 | B16: =COUNTIFS('Raw Data'!B2:B401,">="&A16,'Raw Data'!B2:B401,"<"&DATE(2025,5,1)) -> 20 | D16: Immune system disorders | E16: =COUNTIF('Raw Data'!D2:D401,"Immune system disorders") -> 47
A17: 45778 | B17: =COUNTIFS('Raw Data'!B2:B401,">="&A17,'Raw Data'!B2:B401,"<"&DATE(2025,6,1)) -> 26 | D17: Cardiac disorders | E17: =COUNTIF('Raw Data'!D2:D401,"Cardiac disorders") -> 42
A18: 45809 | B18: =COUNTIFS('Raw Data'!B2:B401,">="&A18,'Raw Data'!B2:B401,"<"&DATE(2025,7,1)) -> 19 | D18: Injury, poisoning and procedural complications | E18: =COUNTIF('Raw Data'!D2:D401,"Injury, poisoning and procedural complications") -> 27
A19: 45839 | B19: =COUNTIFS('Raw Data'!B2:B401,">="&A19,'Raw Data'!B2:B401,"<"&DATE(2025,8,1)) -> 20 | D19: General disorders and administration site conditions | E19: =COUNTIF('Raw Data'!D2:D401,"General disorders and administration site conditions") -> 48
A20: 45870 | B20: =COUNTIFS('Raw Data'!B2:B401,">="&A20,'Raw Data'!B2:B401,"<"&DATE(2025,9,1)) -> 19 | D20: Investigations | E20: =COUNTIF('Raw Data'!D2:D401,"Investigations") -> 40
A21: 45901 | B21: =COUNTIFS('Raw Data'!B2:B401,">="&A21,'Raw Data'!B2:B401,"<"&DATE(2025,10,1)) -> 14 | D21: Psychiatric disorders | E21: =COUNTIF('Raw Data'!D2:D401,"Psychiatric disorders") -> 47
A22: 45931 | B22: =COUNTIFS('Raw Data'!B2:B401,">="&A22,'Raw Data'!B2:B401,"<"&DATE(2025,11,1)) -> 26 | D22: Renal and urinary disorders | E22: =COUNTIF('Raw Data'!D2:D401,"Renal and urinary disorders") -> 31
A23: 45962 | B23: =COUNTIFS('Raw Data'!B2:B401,">="&A23,'Raw Data'!B2:B401,"<"&DATE(2025,12,1)) -> 23
A24: 45992 | B24: =COUNTIFS('Raw Data'!B2:B401,">="&A24,'Raw Data'!B2:B401,"<"&DATE(2026,1,1)) -> 31
A25: Query Type Distribution | B25: =COUNTIFS('Raw Data'!B2:B401,">="&A25,'Raw Data'!B2:B401,"<"&DATE(2026,2,1)) -> 0 | D25: Query Turnaround Time (Closed Queries)
A26: Query Type | B26: Count | D26: Turnaround Bucket | E26: Count
A27: Missing Information | B27: =COUNTIF('Raw Data'!J2:J401,"Missing Information") -> 34 | D27: 0-7 days | E27: =COUNTIFS('Raw Data'!M2:M401,">="&0,'Raw Data'!M2:M401,"<="&7) -> 33
A28: Data Inconsistency | B28: =COUNTIF('Raw Data'!J2:J401,"Data Inconsistency") -> 39 | D28: 8-15 days | E28: =COUNTIFS('Raw Data'!M2:M401,">="&8,'Raw Data'!M2:M401,"<="&15) -> 56
A29: MedDRA Coding Query | B29: =COUNTIF('Raw Data'!J2:J401,"MedDRA Coding Query") -> 49 | D29: 16-30 days | E29: =COUNTIFS('Raw Data'!M2:M401,">="&16,'Raw Data'!M2:M401,"<="&30) -> 72
A30: Causality Assessment | B30: =COUNTIF('Raw Data'!J2:J401,"Causality Assessment") -> 47 | D30: 30+ days | E30: =COUNTIFS('Raw Data'!M2:M401,">="&31) -> 27
A31: Follow-up Required | B31: =COUNTIF('Raw Data'!J2:J401,"Follow-up Required") -> 31
A32: Source Document Discrepancy | B32: =COUNTIF('Raw Data'!J2:J401,"Source Document Discrepancy") -> 42
A33: Open Query Backlog Aging | D33: Seriousness Breakdown
A34: Aging Bucket | B34: Count | D34: Seriousness | E34: Count
A35: 0-7 days | B35: =COUNTIFS('Raw Data'!R2:R401,">="&0,'Raw Data'!R2:R401,"<="&7) -> 1 | D35: Serious | E35: =COUNTIF('Raw Data'!F2:F401,"Serious") -> 119
A36: 8-15 days | B36: =COUNTIFS('Raw Data'!R2:R401,">="&8,'Raw Data'!R2:R401,"<="&15) -> 1 | D36: Non-serious | E36: =COUNTIF('Raw Data'!F2:F401,"Non-serious") -> 281
A37: 16-30 days | B37: =COUNTIFS('Raw Data'!R2:R401,">="&16,'Raw Data'!R2:R401,"<="&30) -> 2
A38: 30+ days | B38: =COUNTIFS('Raw Data'!R2:R401,">="&31) -> 50
